the,22003
to,16118
ect,11643
and,11337
for,9430
of,9382
a,8815
you,7289
hou,7283
in,6885
on,6723
is,6664
this,5895
enron,5282
i,4748
be,4623
that,4267
will,3783
have,3746
with,3570
your,3506
at,3371
we,3349
s,3219
are,3045
it,2942
by,2852
com,2802
as,2793
from,2783
gas,2756
or,2723
not,2653
me,2416
deal,2381
if,2359
meter,2179
hpl,2116
please,1959
re,1954
e,1774
any,1766
our,1765
corp,1753
can,1717
d,1699
all,1594
has,1562
was,1538
know,1465
need,1357
an,1357
forwarded,1292
new,1291
t,1288
may,1273
up,1251
j,1239
mmbtu,1193
should,1157
do,1157
am,1103
get,1090
out,1077
see,1075
no,1060
there,1049
price,1036
daren,1024
but,1000
been,992
company,970
l,961
these,960
let,956
so,942
would,941
m,929
into,915
xls,915
farmer,911
attached,905
us,896
information,896
they,895
message,886
day,883
time,878
my,848
one,844
what,829
only,822
http,807
th,800
volume,787
mail,774
contract,770
which,755
month,754
more,747
robert,737
sitara,735
about,730
texas,729
nom,724
energy,718
pec,709
questions,705
www,690
deals,689
volumes,683
pm,677
ena,674
now,669
their,666
file,655
some,634
email,624
just,618
also,617
call,616
change,613
other,606
here,598
like,593
b,589
flow,585
net,584
following,569
p,566
production,559
when,553
over,552
back,541
want,534
original,533
them,520
below,513
o,510
ticket,509
c,509
he,505
could,502
make,497
inc,493
report,492
march,488
contact,483
were,480
days,480
list,476
nomination,474
system,474
who,473
april,473
number,472
sale,472
don,464
its,463
first,459
thanks,455
business,455
help,453
per,448
through,447
july,446
forward,444
font,443
free,442
daily,440
use,439
order,439
today,437
r,435
had,432
fw,429
set,423
plant,420
statements,419
go,416
gary,413
oil,411
line,408
sales,402
w,401
effective,396
well,393
tenaska,390
take,387
june,380
x,379
within,378
nbsp,377
she,376
how,375
north,371
america,370
being,369
under,365
next,363
week,362
than,360
january,359
last,356
two,356
service,356
purchase,354
name,352
less,348
height,347
off,345
agreement,345
k,344
work,342
tap,340
group,339
year,338
based,337
transport,337
after,335
think,334
made,333
each,333
available,333
changes,328
due,328
f,327
h,326
services,324
smith,322
send,321
management,321
stock,319
sent,319
ll,319
co,317
office,316
needs,316
cotten,314
did,313
actuals,313
u,313
money,310
before,310
looking,308
then,307
pills,307
online,305
request,305
look,305
desk,305
ami,304
his,303
same,303
george,300
chokshi,299
point,298
delivery,296
friday,294
does,294
size,294
august,294
product,293
pat,292
width,292
iv,289
noms,286
address,286
above,285
sure,284
give,283
october,283
future,282
find,282
market,275
n,274
mary,273
vance,272
melissa,269
said,269
internet,269
still,268
account,267
those,267
down,267
link,267
hsc,266
rate,265
people,264
pipeline,264
best,263
actual,262
very,261
end,261
home,261
houston,260
tu,260
high,259
her,258
team,258
products,258
many,257
currently,257
spot,257
receive,256
good,256
such,256
going,255
process,255
feb,255
monday,254
info,254
david,253
lloyd,253
again,253
both,253
click,253
subject,253
jackie,252
december,251
total,251
na,251
lisa,250
ve,250
september,250
hours,246
until,246
resources,245
because,245
aol,245
february,244
where,242
g,241
investment,241
issue,241
duke,241
since,240
pay,240
show,239
way,238
global,238
computron,238
further,237
most,237
place,237
offer,237
natural,237
activity,237
eastrans,237
graves,236
right,236
prices,236
date,235
john,235
utilities,235
november,234
clynes,234
jan,232
securities,232
meeting,231
susan,231
hplc,230
julie,229
able,229
received,229
align,227
term,226
id,224
revised,223
thursday,223
pg,223
fee,222
hplno,222
trading,221
additional,219
site,219
txu,219
data,218
wellhead,218
reply,218
taylor,217
news,217
unify,216
michael,216
provide,214
note,214
much,214
access,214
lannou,213
every,213
between,212
keep,211
tuesday,211
review,211
great,210
tom,210
put,209
done,208
long,208
save,208
section,208
must,207
v,206
part,206
nd,206
million,206
check,206
trade,205
bob,204
created,204
steve,203
prior,202
copy,202
continue,201
numbers,201
via,200
world,200
demand,200
hanks,200
contracts,199
phone,199
transaction,199
customer,199
possible,198
pefs,198
meyers,197
months,197
special,197
without,197
used,197
regarding,197
software,197
howard,196
support,196
buy,196
young,195
meters,195
thru,195
believe,195
gcs,195
cec,195
entered,194
control,194
dec,193
face,193
create,192
weissman,191
st,191
color,190
come,190
supply,190
brian,190
hplo,190
own,188
correct,188
customers,188
web,187
allocation,187
soon,186
using,186
development,186
mark,185
low,185
power,185
problem,182
once,182
however,182
tickets,182
border,181
performance,181
manager,180
rates,179
center,178
companies,177
risk,177
details,176
needed,175
international,175
field,175
even,175
someone,174
doc,174
fuel,174
lee,174
paid,174
while,173
start,173
index,173
include,172
nominations,171
act,171
pricing,171
scheduled,170
gathering,170
type,170
href,170
during,169
aimee,168
anything,168
feel,167
fuels,167
getting,167
advice,166
why,166
increase,165
path,165
sell,165
works,164
issues,164
three,164
enronxgate,164
camp,163
either,162
form,162
security,162
interest,162
financial,162
family,161
xp,161
plan,161
current,160
top,160
another,160
src,160
spreadsheet,160
allen,159
wednesday,159
read,159
him,159
working,159
wynne,159
add,158
deliveries,158
buyback,158
allocated,156
firm,156
james,155
marketing,154
tx,154
results,154
got,154
stocks,154
calpine,153
might,153
operations,153
position,153
logistics,153
fax,152
cost,152
party,152
zero,152
pops,151
old,151
pt,151
scheduling,151
flowed,151
dollars,150
update,150
gco,150
katy,150
including,149
follow,149
yahoo,149
already,148
suite,147
error,147
past,147
page,145
stop,145
changed,145
book,145
program,145
few,144
better,144
operating,144
equistar,144
move,143
cotton,143
aep,142
y,141
state,141
ees,141
rita,140
provided,140
employees,140
period,140
morning,139
cd,139
hotmail,139
entex,138
swing,138
real,138
exchange,138
tomorrow,137
lst,137
counterparty,136
parker,136
person,135
follows,135
valid,135
visit,135
little,134
professional,134
quality,133
confirm,133
something,133
megan,133
brenda,132
around,132
windows,132
im,132
storage,132
accounting,131
called,131
ranch,131
tax,131
problems,131
case,131
teco,130
fact,130
always,130
too,130
unsubscribe,130
amount,129
coastal,129
never,129
rodriguez,128
love,128
acton,128
shut,127
pipe,127
project,127
hope,127
limited,127
invoice,126
credit,126
full,126
survey,126
ray,126
carlos,125
anyone,125
wanted,125
yet,125
ic,125
scott,125
years,124
charlie,124
soft,124
notice,123
advise,123
addition,123
donald,123
lsk,123
wish,122
katherine,122
website,122
hplnl,122
schumack,121
prescription,121
cover,121
shares,121
cash,121
imbalance,121
united,120
handle,120
big,120
everyone,119
style,119
clear,119
producer,119
weekend,119
city,119
requested,119
stone,119
left,118
payment,118
mobil,117
shows,116
small,116
confirmed,116
technology,116
meet,116
extend,116
life,116
intended,116
sherlyn,115
schedule,115
else,115
letter,115
box,115
bill,114
richard,114
lamphier,114
complete,114
ever,114
release,114
newsletter,114
anita,113
clem,113
having,113
herod,113
beginning,113
papayoti,113
try,113
mike,113
enter,112
estimates,112
location,112
cut,112
question,112
things,112
personal,112
feedback,112
cialis,111
found,111
area,110
dow,110
terms,110
central,110
necessary,109
man,109
run,109
reason,109
third,109
midcon,109
charge,109
president,109
de,109
listed,109
meds,109
thomas,109
thought,109
capital,108
added,108
ask,108
weeks,108
investing,108
commercial,107
star,107
several,107
easy,107
view,107
cannot,107
extended,107
lauri,106
beaumont,106
union,106
times,105
open,105
cause,105
monthly,105
action,105
offers,105
industry,105
states,104
side,104
mailto,104
probably,104
neal,104
second,104
stephanie,104
download,104
flash,104
agree,103
mcf,103
transfer,103
doing,103
important,103
basis,103
different,103
final,103
koch,103
exxon,103
remove,103
microsoft,103
interested,103
application,103
sept,103
mg,103
write,102
lp,102
east,102
requirements,102
code,102
value,102
thank,102
together,102
exploration,102
mid,102
dfarmer,102
everything,101
receipt,101
thu,101
afternoon,101
late,101
enserch,101
coming,100
bank,100
response,100
tell,100
shipping,100
night,100
events,100
cynthia,100
lsp,100
close,99
legal,99
country,99
direct,99
expected,99
ces,99
corporation,99
options,99
really,99
voip,99
nominated,98
etc,98
latest,98
potential,98
priced,98
edward,98
valero,98
material,98
stack,98
victor,98
redeliveries,98
loss,97
remember,97
baumbach,97
option,97
private,97
longer,96
aware,96
included,96
drugs,96
public,96
reinhardt,96
version,96
hesse,96
discuss,95
related,95
asked,95
say,95
viagra,95
revision,95
bgcolor,95
kind,95
pro,95
completed,95
health,95
ready,94
plans,94
registered,94
regards,94
carthage,94
zone,94
fill,94
away,94
computer,94
systems,94
industrial,94
mentioned,94
told,93
therefore,93
growth,93
sold,93
track,93
reports,93
south,93
rd,93
jim,93
costs,93
image,93
expect,93
return,93
physical,93
el,93
browser,93
donna,93
stacey,92
begin,92
china,92
duty,92
approximately,92
showing,92
unit,92
jones,92
hard,91
verify,91
updated,91
eol,91
cs,91
orders,91
talk,91
trying,91
base,90
given,90
server,90
source,90
pathed,90
strong,90
bryan,89
directly,89
risks,89
whole,89
major,89
users,89
purchases,89
oo,89
karen,89
luong,88
level,88
required,88
delivered,88
portfolio,88
riley,88
ali,88
easttexas,88
poorman,88
bellamy,88
assistance,87
nothing,87
gif,87
thing,87
retail,87
didn,87
valley,87
department,87
cleburne,87
allow,86
gpgfin,86
answer,86
items,86
paste,86
avila,86
taken,85
mm,85
nguyen,85
ensure,85
reference,85
hall,85
later,85
lone,85
user,85
methanol,84
facility,84
network,84
spoke,84
though,84
tabs,84
taking,83
status,83
considered,83
purchased,83
says,83
yourself,83
paliourg,83
dy,83
jeff,83
businesses,83
fred,83
transportation,83
apache,83
morris,82
nov,82
ltd,82
brand,82
federal,82
statement,82
oasis,82
reflect,82
assets,82
lamadrid,82
general,82
bridge,81
ability,81
oct,81
play,81
enrononline,81
compliance,81
spam,81
availability,81
king,80
understanding,80
chance,80
quick,80
effort,80
points,80
reliantenergy,80
fixed,80
short,80
hill,80
cheryl,80
aepin,80
key,79
understand,79
valign,79
capacity,79
game,79
took,79
bring,79
guys,79
god,79
green,79
care,78
withers,78
property,78
hub,78
johnson,78
employee,78
wants,78
albrecht,78
meaning,78
expectations,78
mx,78
moved,77
cernosek,77
matter,77
devon,77
calls,77
worldwide,77
records,77
removed,77
lose,77
large,77
referenced,77
walker,77
iferc,77
enw,77
ponton,77
eileen,77
ship,76
upon,76
enerfin,76
jennifer,76
looks,76
staff,76
pc,76
target,76
waha,76
making,75
cp,75
impact,75
partner,75
immediately,75
shall,75
channel,75
takes,75
sat,75
others,75
hear,75
went,75
travel,75
listing,75
approved,74
processing,74
early,74
enough,74
sally,74
starting,74
distribution,74
tejas,74
transactions,74
stay,74
earl,74
superty,74
doesn,74
reserves,74
includes,74
choose,74
adobe,74
publisher,74
paso,74
cornhusker,74
training,73
markets,73
content,73
solution,73
shell,73
jpg,73
print,73
drive,73
pain,73
password,73
half,73
herrera,73
saturday,73
moopid,73
hotlist,73
balance,72
super,72
vacation,72
sex,72
happy,72
excess,72
existing,72
fund,72
stella,71
share,71
sign,71
wells,71
won,71
four,71
text,71
card,71
tisdale,71
fwd,71
appreciate,71
non,71
experience,71
savings,71
settlements,70
draft,70
couple,70
informed,70
biz,70
watch,70
plus,70
sun,70
expense,70
images,70
land,70
occur,70
flowing,70
mar,70
terry,69
darren,69
cheap,69
weight,69
dynegy,69
activities,69
become,69
mr,69
format,69
attention,69
entire,69
photoshop,69
williams,69
instructions,69
neon,69
janet,68
contains,68
ago,68
friends,68
against,68
boas,68
music,68
certain,68
liz,68
svcs,68
record,67
fast,67
dave,67
held,67
mind,67
ua,67
publication,67
differ,67
comments,67
fun,67
rest,67
instant,67
agent,67
communications,67
director,67
partners,67
investors,67
expedia,67
kevin,66
assist,66
safe,66
approval,66
allocate,66
black,66
none,66
intrastate,66
document,66
eric,66
hakemack,66
expired,65
lower,65
active,65
secure,65
cc,65
five,65
determine,65
press,65
colspan,65
missing,65
jill,65
discussion,65
relief,65
respect,65
specific,65
technologies,65
al,65
holmes,65
white,65
yesterday,64
medical,64
pinion,64
sorry,64
men,64
leave,64
pass,64
video,64
gomes,64
doctor,64
projects,64
limit,64
air,64
knle,64
pharmacy,63
confirmation,63
opportunity,63
involve,63
notify,63
gtc,63
class,63
ken,63
started,63
outage,63
confidential,63
room,63
blue,63
estimated,63
officer,63
reach,63
messages,63
database,63
words,63
prc,63
tracked,62
transition,62
light,62
national,62
hot,62
offering,62
gulf,62
provides,62
iit,62
demokritos,62
mckay,62
average,62
wide,62
heard,62
files,62
dan,62
billed,62
mccoy,62
rc,62
exactly,62
middle,62
select,62
bruce,62
louisiana,62
receiving,61
california,61
event,61
roll,61
mops,61
william,61
appear,61
perfect,61
html,61
features,61
join,61
greater,61
sunday,61
pick,61
featured,61
cdnow,61
prize,61
reveffo,61
olsen,61
expects,60
estimate,60
near,60
common,60
package,60
title,60
whether,60
bought,60
evergreen,60
difference,60
elizabeth,60
history,60
monitor,60
advised,60
result,60
sources,60
school,60
unaccounted,60
paragraph,60
turn,59
kimberly,59
increased,59
communication,59
members,59
concerns,59
uncertainties,59
associated,59
reduce,59
committed,59
wi,59
asap,59
goes,59
trader,59
waiting,59
canada,59
worth,59
representative,59
claim,59
ceo,59
london,59
discussions,59
php,59
brazos,59
trevino,58
calling,58
involved,58
la,58
gift,58
southern,58
groups,58
hour,58
tufco,58
previously,57
voice,57
normally,57
resolve,57
efforts,57
nor,57
recent,57
purchasing,57
county,57
ok,57
express,57
generic,57
according,57
respond,57
situation,57
hold,57
lot,57
interconnect,57
word,57
came,57
west,57
role,57
opportunities,57
corporate,57
remain,57
similar,57
readers,57
suggestions,57
subscribers,57
projections,57
lead,56
learn,56
resolved,56
agreed,56
sec,56
head,56
enjoy,56
img,56
rnd,56
responsible,56
outstanding,56
member,56
panenergy,56
american,56
cass,56
register,56
promotions,56
parties,56
winfree,56
selling,55
usage,55
appropriate,55
assignment,55
media,55
believes,55
require,55
submit,55
model,55
spinnaker,55
copano,55
facilities,55
opinion,55
factors,55
identified,55
beverly,55
ews,55
gdp,55
deliver,54
job,54
profile,54
across,54
neuweiler,54
suggest,54
girls,54
manage,54
usa,54
local,54
bad,54
greg,54
vs,54
fees,54
digital,54
cf,54
strangers,54
registration,54
delta,54
rolex,54
goliad,54
hesco,54
success,53
primary,53
quarter,53
course,53
chairman,53
petroleum,53
notes,53
medications,53
ei,53
instead,53
fine,53
lake,53
pre,53
force,53
seek,53
recipient,53
gain,53
placed,53
age,52
least,52
body,52
asking,52
discussed,52
hanson,52
emails,52
nominate,52
ext,52
known,52
ones,52
ed,52
assigned,52
htmlimg,52
means,52
present,52
various,52
invoices,52
gd,52
agency,52
along,52
located,52
reflects,52
solutions,52
ex,52
house,52
cds,52
br,52
owner,52
apr,52
sullivan,52
basin,52
linda,51
worked,51
car,51
seen,51
properties,51
booked,51
higher,51
store,51
est,51
revenue,51
wait,51
women,51
far,51
met,51
wholesale,51
range,51
kcs,51
recorded,51
brown,51
lots,51
match,50
input,50
grant,50
providing,50
huge,50
investor,50
kelly,50
apply,50
paths,50
handling,50
pipes,50
advantage,50
analysis,50
focus,50
draw,50
red,50
origination,50
connection,50
planning,50
wilson,50
golf,50
summary,50
item,50
bankruptcy,50
expenses,50
pgev,50
encina,50
beaty,50
memo,49
initial,49
thousand,49
mills,49
penis,49
friend,49
conversation,49
multiple,49
martin,49
names,49
bit,49
dth,49
talked,49
behalf,49
preliminary,49
button,49
herein,49
gisb,49
coupon,49
sa,49
oi,49
appears,48
door,48
texaco,48
csikos,48
arrangements,48
cpr,48
expires,48
popular,48
sending,48
research,48
conditions,48
gb,48
board,48
ca,48
applications,48
tried,48
paying,48
acquisition,48
reporting,48
normal,48
maintenance,48
resume,48
announced,48
attachment,48
buyer,48
objectives,48
prod,48
represent,48
sandi,48
hplnol,48
government,47
committee,47
running,47
tetco,47
discount,47
jo,47
holding,47
earlier,47
positions,47
happen,47
mailing,47
decided,47
recently,47
chris,47
xanax,47
valium,47
broadband,47
individual,47
station,47
td,47
financing,47
somehow,47
pena,47
critical,46
attend,46
kristen,46
inform,46
highly,46
hl,46
phillips,46
minutes,46
titles,46
affiliate,46
wife,46
lonestar,46
charlotte,46
quickly,46
paper,46
test,46
comes,46
mobile,46
internal,46
privacy,46
ideas,46
live,46
gotten,46
floor,46
benefit,46
percent,46
ms,46
dr,46
ebs,46
msn,46
gave,46
dallas,46
enterprise,46
rx,46
spring,46
ftar,46
ooking,46
hawkins,45
exclusive,45
selected,45
baxter,45
actually,45
single,45
shop,45
nominates,45
guarantee,45
minute,45
correctly,45
unique,45
bid,45
building,45
stated,45
accept,45
assumptions,45
centana,45
senior,45
pill,45
kinsey,45
sap,45
immediate,45
goals,45
category,45
mitchell,45
acceptance,45
termination,45
sweeney,45
facts,45
amazon,45
arrangement,44
josey,44
funds,44
among,44
accuracy,44
mean,44
rather,44
kim,44
egmnom,44
indicate,44
updates,44
extra,44
adjustment,44
accounts,44
lowest,44
gold,44
purposes,44
remaining,44
talking,44
entry,44
road,44
load,44
simply,44
europe,44
lindley,44
understood,44
logos,44
hi,43
speed,43
profit,43
notified,43
jackson,43
z,43
vols,43
serve,43
additionally,43
shipped,43
connor,43
fontfont,43
q,43
kept,43
dollar,43
jr,43
almost,43
fri,43
paul,43
documents,43
analyst,43
crude,43
cap,43
shopping,43
aug,43
clearance,43
schneider,43
ftworth,43
father,43
anticipated,43
resellers,43
congress,43
counterparties,43
epgt,43
buying,42
san,42
invest,42
cartwheel,42
brandywine,42
wrong,42
mtbe,42
split,42
submitted,42
hull,42
gra,42
children,42
leader,42
true,42
baseload,42
mb,42
letters,42
billion,42
rights,42
mtr,42
heidi,42
clean,42
historical,42
asset,42
foreign,42
gr,42
entity,42
developed,42
maybe,42
jeffrey,42
transmission,42
outside,42
lost,42
membership,42
invitation,42
ocean,42
legislation,42
hernandez,42
pep,42
payments,41
wallis,41
rev,41
kenneth,41
seaman,41
annual,41
guess,41
bammel,41
lines,41
guadalupe,41
zivley,41
exception,41
example,41
pathing,41
revisions,41
pipelines,41
equity,41
budget,41
wed,41
dealers,41
window,41
juno,41
claims,41
bottom,41
standard,41
alternative,41
merchant,41
braband,41
topica,41
telephone,40
reliant,40
speculative,40
yes,40
en,40
morgan,40
cable,40
edmondson,40
participate,40
usb,40
throughout,40
checked,40
myself,40
contents,40
fat,40
investments,40
six,40
build,40
giving,40
calendar,40
inherent,40
edition,40
darial,40
hr,40
trip,40
pull,40
moving,40
concern,40
proposed,40
rm,40
deer,40
enquiries,40
alt,40
tammy,40
front,39
reduction,39
evening,39
concerning,39
gets,39
effect,39
isn,39
haven,39
cowboy,39
sea,39
dvd,39
launch,39
minimum,39
changing,39
built,39
avoid,39
chief,39
stephen,39
chad,39
manual,39
finally,39
strategy,39
executive,39
thousands,39
conflict,39
resulting,39
policy,39
commission,39
stand,39
positive,39
quantity,39
programs,39
airmail,39
texoma,39
prepared,39
austin,39
matt,39
intent,39
uae,39
citibank,39
jaquet,39
hol,39
harris,38
min,38
hplr,38
advance,38
weather,38
terminated,38
whom,38
sheet,38
venturatos,38
cellpadding,38
hotel,38
leading,38
guaranteed,38
idea,38
announce,38
pleased,38
award,38
operational,38
prepare,38
schedulers,38
child,38
sum,38
quote,38
adjusted,38
warning,38
issued,38
ga,38
cross,38
detail,38
pertaining,38
tess,38
owe,38
crow,38
availabilities,38
griffin,38
christy,38
crosstex,38
eel,38
itoy,38
heart,37
licensed,37
overnight,37
cal,37
otherwise,37
luck,37
stretch,37
generation,37
broker,37
construed,37
except,37
traders,37
carry,37
column,37
approx,37
main,37
alert,37
charges,37
step,37
revenues,37
games,37
gottlob,37
looked,37
individuals,37
beck,37
stuff,37
welcome,37
port,37
glover,37
description,37
daniel,37
quantities,37
park,37
managing,37
town,37
seller,37
summer,37
tina,37
dates,37
eff,37
dudley,37
ferc,37
robin,37
charles,37
customerservice,37
zonedubai,37
emirates,37
aeor,37
clickathome,37
materia,37
island,36
vaughn,36
sexual,36
eiben,36
forms,36
delete,36
realize,36
tailgate,36
behind,36
villarreal,36
lon,36
benoit,36
simple,36
tech,36
ahead,36
double,36
ordering,36
se,36
miss,36
law,36
eb,36
post,36
outlook,36
equipment,36
leslie,36
reeves,36
org,36
tools,36
cold,36
adjustments,36
contained,36
saw,36
edit,36
deciding,36
finance,36
patti,36
listbot,36
river,35
kathryn,35
holiday,35
successful,35
unable,35
advisor,35
pool,35
bryce,35
outages,35
adjust,35
screen,35
otc,35
brent,35
helps,35
auto,35
foot,35
region,35
links,35
contain,35
knowledge,35
yvette,35
dial,35
pressure,35
detailed,35
indicated,35
charged,35
sites,35
makes,35
female,35
mcmills,35
cook,35
mazowita,35
meredith,35
allocations,34
meetings,34
particular,34
environment,34
drug,34
search,34
mailings,34
designed,34
rock,34
measurement,34
art,34
corrected,34
kids,34
benefits,34
tv,34
seems,34
husband,34
fix,34
grow,34
decision,34
wireless,34
mo,34
conference,34
interview,34
levels,34
copies,34
cindy,34
urgent,34
regular,34
payroll,34
shown,34
consumers,34
reliable,34
tr,34
indicating,34
coast,34
greif,34
severson,34
tri,34
vicodin,33
liquids,33
significant,33
intend,33
usd,33
pager,33
avails,33
spencer,33
ce,33
charset,33
verdana,33
fully,33
flynn,33
da,33
personnel,33
multi,33
closed,33
vice,33
administration,33
gmt,33
midstream,33
eye,33
speckels,33
studio,33
cilco,33
likely,33
managers,33
structure,33
sit,33
parent,33
preparation,33
mix,33
mmbtus,33
timing,33
happening,33
lottery,33
killing,33
acquire,33
mack,33
pcx,33
fares,33
internationa,33
notification,32
swift,32
identify,32
areas,32
separate,32
unless,32
producers,32
allows,32
pretty,32
waste,32
joanie,32
drop,32
taxes,32
premium,32
teams,32
choice,32
largest,32
addressed,32
dolphin,32
ngo,32
self,32
davis,32
htm,32
ad,32
graphics,32
hit,32
competitive,32
thus,32
incorrect,32
ti,32
acts,32
previous,32
edu,32
proven,32
electric,32
pictures,32
charlene,32
benedict,32
chevron,32
treatment,32
lesson,32
player,32
sds,32
wc,32
intraday,32
assurance,32
sdsnom,32
rebecca,32
quit,32
netco,32
intra,31
whatever,31
lyondell,31
reviewed,31
solicitation,31
filings,31
log,31
noon,31
locations,31
joe,31
completely,31
rivers,31
language,31
street,31
automatically,31
ft,31
powerful,31
specials,31
alone,31
fyi,31
properly,31
proper,31
explode,31
decrease,31
medication,31
desks,31
impacted,31
anywhere,31
completion,31
banking,31
consider,31
certificate,31
exercise,31
zeroed,31
websites,31
tonight,31
diligence,31
education,31
club,31
vegas,31
affordable,31
sports,31
predictions,31
billing,31
diamond,31
posted,31
prayer,31
actions,31
nomad,31
resuits,31
jason,30
purpose,30
deposit,30
entertainment,30
materially,30
blank,30
resolution,30
anderson,30
nat,30
rom,30
soma,30
organization,30
aquila,30
solid,30
affected,30
transco,30
spend,30
responsibilities,30
assume,30
header,30
accountant,30
functionality,30
meant,30
killed,30
analysts,30
rick,30
rolled,30
noted,30
discovered,30
offices,30
torch,30
often,30
york,30
joint,30
briley,30
competition,30
guide,30
intercompany,30
son,30
settlement,30
presently,30
cart,30
tim,30
entries,30
russ,30
valadez,30
rules,30
molly,30
apple,30
atleast,30
scheduler,30
pi,30
hector,30
dell,30
opm,30
hottlist,30
yap,30
gone,29
heal,29
llc,29
setting,29
reached,29
proposal,29
hundred,29
trust,29
official,29
table,29
mcgee,29
written,29
operation,29
cellspacing,29
laptop,29
feature,29
ram,29
victoria,29
larry,29
units,29
requests,29
continued,29
external,29
pack,29
couldn,29
lateral,29
strictly,29
resource,29
although,29
sr,29
commodity,29
pulled,29
protocol,29
bed,29
generated,29
redmond,29
girl,29
apparently,29
tool,29
reviews,29
released,29
movies,29
inside,29
shareholder,29
rr,29
compensation,29
beliefs,29
foresee,29
lease,29
rule,29
marta,29
chemical,29
hillary,29
hp,29
tongue,29
adonis,29
advises,28
master,28
eight,28
wasn,28
itself,28
documentation,28
xl,28
humble,28
elsa,28
pics,28
hughes,28
brokered,28
distribute,28
consultation,28
sheri,28
lists,28
cannon,28
treated,28
factor,28
putting,28
verified,28
releases,28
enhanced,28
controls,28
craig,28
worksheet,28
conversion,28
max,28
hrs,28
helpful,28
hand,28
producing,28
dl,28
developing,28
design,28
woman,28
understands,28
standards,28
promotion,28
sarco,28
hospital,28
ffffff,28
respective,28
richmond,28
conoco,28
driver,28
easily,28
sean,28
den,28
gateway,28
holdings,28
brad,28
college,28
gains,28
adult,28
dated,28
em,28
mcloughlin,28
anticipates,28
henderson,28
julia,28
negotiations,28
sofftwaares,28
garrick,28
comstock,28
trochta,28
imceanotes,28
ecom,28
larger,27
nommensen,27
coordinate,27
partnership,27
otcbb,27
announces,27
louis,27
dealer,27
reliance,27
season,27
agua,27
dulce,27
offshore,27
gathered,27
forever,27
function,27
happened,27
sample,27
easier,27
aim,27
pa,27
expensive,27
thinks,27
maximum,27
war,27
mining,27
drilling,27
owned,27
todd,27
advanced,27
provider,27
pending,27
providers,27
silver,27
cherry,27
hundreds,27
thoughts,27
addresses,27
beach,27
baby,27
requires,27
caused,27
variance,27
extension,27
carbide,27
anytime,27
adding,27
triple,27
dawn,27
martinez,27
entering,27
login,27
bretz,27
ls,27
writeoff,27
locker,27
wiil,27
block,26
blood,26
romeo,26
responsibility,26
brennan,26
btu,26
venture,26
connected,26
nascar,26
opinions,26
executed,26
cell,26
flag,26
doctors,26
invoiced,26
marlin,26
coffey,26
nice,26
amazing,26
ii,26
determined,26
handled,26
keeping,26
touch,26
upgrade,26
shipment,26
brought,26
forwarding,26
confidence,26
hesitate,26
seem,26
electronic,26
appreciated,26
deadline,26
franklin,26
heather,26
reasons,26
passed,26
safety,26
procedures,26
payback,26
networks,26
utility,26
count,26
africa,26
exact,26
creating,26
loading,26
processed,26
court,26
tier,26
sender,26
att,26
mailbox,26
glad,26
buddy,26
profiles,26
portion,26
protection,26
compressor,26
okay,26
oba,26
finding,26
heads,26
bar,26
turned,26
remote,26
illustrator,26
oem,26
noticed,26
mails,26
darron,26
nick,26
urbanek,26
jerry,26
barrett,26
ehronline,26
und,26
abdv,26
egm,26
couid,26
technoiogies,26
owns,25
improved,25
eat,25
moment,25
owners,25
develop,25
installed,25
videos,25
frank,25
hearing,25
inches,25
busy,25
ref,25
valuable,25
et,25
un,25
url,25
shawna,25
iso,25
capture,25
extremely,25
ya,25
causing,25
consent,25
anyway,25
round,25
discrepancies,25
cheapest,25
confidentiality,25
disclosure,25
prohibited,25
vol,25
correction,25
communicate,25
processes,25
spain,25
shareholders,25
supported,25
smoking,25
mine,25
biggest,25
erections,25
platform,25
miles,25
exciting,25
association,25
die,25
restricted,25
ma,25
income,25
goal,25
bane,25
collection,25
nathan,25
wind,25
piece,25
familiar,25
gore,25
experiencing,25
pico,25
mai,25
dewpoint,25
tessie,25
hair,24
bussell,24
diane,24
delivering,24
originally,24
accurate,24
began,24
seven,24
tracking,24
randall,24
gay,24
emerging,24
prescriptions,24
story,24
arial,24
florida,24
space,24
ownership,24
european,24
sutton,24
concerned,24
male,24
spent,24
agreements,24
industries,24
picture,24
filled,24
continues,24
death,24
choate,24
majeure,24
device,24
hence,24
ten,24
campaign,24
massive,24
eyes,24
requesting,24
lives,24
reminder,24
eliminate,24
copied,24
consemiu,24
died,24
sound,24
offered,24
expressed,24
anti,24
duplicate,24
steps,24
books,24
improve,24
implementation,24
gives,24
ac,24
peggy,24
proprietary,24
ways,24
advertisement,24
published,24
earnings,24
mortgage,24
consumer,24
ct,24
tape,24
fl,24
cia,24
organizational,24
agenda,24
rental,24
carriere,24
moshou,24
church,24
trouble,24
medium,24
aggressive,24
smart,24
zajac,24
ail,24
participants,24
gap,24
earthlink,24
wire,24
trades,24
messaging,24
ut,24
wil,24
richardson,24
blvd,24
glo,24
seneca,24
pubiisher,24
imited,24
isc,24
contacts,23
sleep,23
kyle,23
cooperation,23
possibly,23
leaving,23
motor,23
hopefully,23
tie,23
speak,23
mi,23
suggested,23
canadian,23
uses,23
connect,23
pvr,23
rich,23
places,23
auction,23
po,23
spacer,23
client,23
recommended,23
royalty,23
amended,23
default,23
living,23
regardless,23
human,23
bringing,23
focused,23
stores,23
variety,23
netherlands,23
leaders,23
bowen,23
salary,23
signed,23
penny,23
loan,23
desktop,23
chase,23
pleasure,23
compare,23
session,23
overall,23
stranger,23
length,23
planned,23
sp,23
darrel,23
raise,23
palestinian,23
expiration,23
serial,23
premiere,23
suzanne,23
reduced,23
players,23
applicable,23
impotence,23
buckley,23
wayne,23
hansen,23
indicative,23
sabrae,23
dating,23
winners,23
marshall,23
highest,23
ea,23
presentation,23
allowed,23
square,23
danny,23
gepl,23
hydrocarbon,23
alpine,23
christmas,22
muscle,22
souza,22
relating,22
begins,22
ecf,22
forth,22
answers,22
audit,22
approve,22
lunch,22
types,22
starts,22
difficult,22
le,22
lasts,22
series,22
till,22
edge,22
growing,22
covered,22
shipper,22
sometime,22
republic,22
filter,22
sooner,22
increasing,22
nelson,22
percentage,22
returned,22
pop,22
interface,22
kin,22
experienced,22
prime,22
merger,22
obtain,22
ryan,22
servers,22
attachments,22
achieve,22
effects,22
gov,22
examples,22
procedure,22
explore,22
caribbean,22
rally,22
amounts,22
comfort,22
attempt,22
greatly,22
amelia,22
engel,22
delay,22
fare,22
der,22
cove,22
filing,22
fletcher,22
leth,22
undervalued,22
cents,22
esther,22
hlavaty,22
reid,22
lls,22
troy,22
palmer,22
metals,22
las,22
carter,22
luis,22
migration,22
brief,22
hess,22
therein,22
ur,22
pond,22
joanne,22
community,22
tglo,22
eogi,22
ml,22
wysak,22
felipe,21
errors,21
affect,21
convenient,21
minimal,21
boost,21
incremental,21
decide,21
reserve,21
superior,21
kerr,21
willing,21
quite,21
wild,21
unlimited,21
sans,21
mother,21
computers,21
unfortunately,21
ordered,21
satisfaction,21
priority,21
traded,21
testing,21
portal,21
ward,21
lets,21
aren,21
knows,21
refer,21
shot,21
fda,21
tue,21
saying,21
cancel,21
forecast,21
cousino,21
bass,21
permanent,21
phones,21
technical,21
whose,21
objective,21
cards,21
distributed,21
learning,21
fire,21
drill,21
towards,21
forget,21
explosion,21
gloria,21
formula,21
redelivery,21
audio,21
visual,21
encoding,21
approach,21
doubt,21
staffing,21
excite,21
corel,21
tm,21
enronavailso,21
contacting,21
alland,21
heavy,21
economic,21
nigeria,21
milwaukee,21
phillip,21
curve,21
returns,21
padre,21
kathy,21
buttons,21
sir,21
vary,21
sounds,21
disclose,21
authority,21
flw,21
straight,21
worldnet,21
beemer,21
ooo,21
defs,21
thorough,21
officers,21
flight,21
prefer,21
awesome,21
macintosh,21
feet,21
constitutes,21
formosa,21
porn,21
armstrong,21
driscoll,21
watches,21
newsietter,21
twenty,20
tommy,20
fields,20
method,20
setup,20
allocating,20
initially,20
missed,20
clarification,20
especially,20
dorcheus,20
del,20
millions,20
insurance,20
pooling,20
trial,20
tennessee,20
ellis,20
direction,20
bold,20
catch,20
performing,20
accepted,20
matters,20
batch,20
continuing,20
winning,20
symbol,20
offsystem,20
decisions,20
produced,20
ended,20
greatest,20
degree,20
solmonson,20
imbalances,20
fall,20
fear,20
hate,20
fight,20
reallocated,20
debt,20
reform,20
australia,20
plain,20
prompt,20
remains,20
ifhsc,20
enhancements,20
connevey,20
jay,20
valued,20
lay,20
infrastructure,20
military,20
allowing,20
ff,20
dry,20
